{
    "0": {
        "params_id": 0,
        "gravity": -9.81,
        "mass_02": null,
        "mass_03": null,
        "mass_04": null,
        "thickness_02_x": null,
        "thickness_03_x": null,
        "thickness_04_x": null,
        "thickness_02_y": null,
        "thickness_03_y": null,
        "thickness_04_y": null,
        "disabled": false
    },
    "1": {
        "params_id": 1,
        "gravity": -3.336272200001338,
        "mass_02": 39.13397749435214,
        "mass_03": 36.629744181004895,
        "mass_04": 24.31699850744248,
        "thickness_02_x": 0.03533304459284734,
        "thickness_03_x": 0.06315932964979332,
        "thickness_04_x": 0.1524989559345539,
        "thickness_02_y": 0.48052285024062996,
        "thickness_03_y": 0.3303902022715033,
        "thickness_04_y": 0.8925111420521963,
        "disabled": false
    },
    "2": {
        "params_id": 2,
        "gravity": -14.820457176459092,
        "mass_02": 52.00963737041428,
        "mass_03": 11.078104574185673,
        "mass_04": 53.401588438479,
        "thickness_02_x": 0.06872852933568546,
        "thickness_03_x": 0.17354094240676943,
        "thickness_04_x": 0.09560889616774979,
        "thickness_02_y": 0.14087731490168356,
        "thickness_03_y": 0.8275874893018439,
        "thickness_04_y": 0.7794215798753914,
        "disabled": false
    },
    "3": {
        "params_id": 3,
        "gravity": -9.117087370317567,
        "mass_02": 26.918365331815068,
        "mass_03": 27.333506434598338,
        "mass_04": 23.198675120621523,
        "thickness_02_x": 0.16453008844580558,
        "thickness_03_x": 0.11221833883197702,
        "thickness_04_x": 0.14531069205372954,
        "thickness_02_y": 0.8476781475705069,
        "thickness_03_y": 0.8441559656150053,
        "thickness_04_y": 0.6437116995973385,
        "disabled": false
    },
    "4": {
        "params_id": 4,
        "gravity": -8.804320123801489,
        "mass_02": 38.371566910069276,
        "mass_03": 23.770208128099206,
        "mass_04": 13.33747342349029,
        "thickness_02_x": 0.14710825546457043,
        "thickness_03_x": 0.0705614897421141,
        "thickness_04_x": 0.17315699341831522,
        "thickness_02_y": 0.22681551055513643,
        "thickness_03_y": 0.9139776441032793,
        "thickness_04_y": 0.4890688638913197,
        "disabled": false
    },
    "5": {
        "params_id": 5,
        "gravity": -10.892969933301908,
        "mass_02": 48.75893628024505,
        "mass_03": 42.72206702943573,
        "mass_04": 35.42924573582681,
        "thickness_02_x": 0.12012981406098425,
        "thickness_03_x": 0.15289299487198899,
        "thickness_04_x": 0.16083449489155927,
        "thickness_02_y": 0.16733559466429004,
        "thickness_03_y": 0.704801265924139,
        "thickness_04_y": 0.9154046178849868,
        "disabled": false
    },
    "6": {
        "params_id": 6,
        "gravity": -4.665199674293472,
        "mass_02": 58.08953729897812,
        "mass_03": 48.15694455903477,
        "mass_04": 20.610432144638523,
        "thickness_02_x": 0.09472725869073925,
        "thickness_03_x": 0.08003913503155086,
        "thickness_04_x": 0.19793401245270603,
        "thickness_02_y": 0.3787891161575604,
        "thickness_03_y": 0.19028271909377809,
        "thickness_04_y": 0.8732891666041365,
        "disabled": false
    },
    "7": {
        "params_id": 7,
        "gravity": -13.518006566292199,
        "mass_02": 12.06676639509923,
        "mass_03": 24.069961610153996,
        "mass_04": 44.44792444128332,
        "thickness_02_x": 0.12781694617288183,
        "thickness_03_x": 0.19438327828523266,
        "thickness_04_x": 0.04193839086105742,
        "thickness_02_y": 0.6764236357113053,
        "thickness_03_y": 0.9411018133837572,
        "thickness_04_y": 0.17676317736158859,
        "disabled": false
    },
    "8": {
        "params_id": 8,
        "gravity": -6.417497213557002,
        "mass_02": 51.80725859219132,
        "mass_03": 43.26198011568007,
        "mass_04": 18.65981363409903,
        "thickness_02_x": 0.031798012317672306,
        "thickness_03_x": 0.06053809997888523,
        "thickness_04_x": 0.09016796121299514,
        "thickness_02_y": 0.1251264829483758,
        "thickness_03_y": 0.5000701984002804,
        "thickness_04_y": 0.2596183581897079,
        "disabled": false
    },
    "9": {
        "params_id": 9,
        "gravity": -7.480584373558604,
        "mass_02": 32.620978051275316,
        "mass_03": 56.86046434140897,
        "mass_04": 22.5063213458512,
        "thickness_02_x": 0.049844007996321715,
        "thickness_03_x": 0.15871810289692545,
        "thickness_04_x": 0.02954651676959277,
        "thickness_02_y": 0.7582427699710086,
        "thickness_03_y": 0.8294868303879497,
        "thickness_04_y": 0.5776361066820782,
        "disabled": false
    },
    "10": {
        "params_id": 10,
        "gravity": -14.839616508822123,
        "mass_02": 39.136454285791245,
        "mass_03": 14.9476346740217,
        "mass_04": 20.34543990355295,
        "thickness_02_x": 0.030426042196991805,
        "thickness_03_x": 0.03060750276256245,
        "thickness_04_x": 0.09473524788147514,
        "thickness_02_y": 0.15969361201624882,
        "thickness_03_y": 0.2672270591517288,
        "thickness_04_y": 0.9483845210783872,
        "disabled": false
    },
    "11": {
        "params_id": 11,
        "gravity": -2.6774233738438302,
        "mass_02": 45.943941569903345,
        "mass_03": 46.73899125073643,
        "mass_04": 20.179550468296,
        "thickness_02_x": 0.127992669727633,
        "thickness_03_x": 0.04408733713547029,
        "thickness_04_x": 0.043992081452256006,
        "thickness_02_y": 0.17990078368780205,
        "thickness_03_y": 0.33578734869685967,
        "thickness_04_y": 0.35425456037414077,
        "disabled": false
    },
    "12": {
        "params_id": 12,
        "gravity": -11.44715992233841,
        "mass_02": 57.43973950593013,
        "mass_03": 15.85730478566524,
        "mass_04": 10.93805659298496,
        "thickness_02_x": 0.19258210327163613,
        "thickness_03_x": 0.0816767679575594,
        "thickness_04_x": 0.13600188792144743,
        "thickness_02_y": 0.7643054816511923,
        "thickness_03_y": 0.48988824333237563,
        "thickness_04_y": 0.16538028820898917,
        "disabled": false
    },
    "13": {
        "params_id": 13,
        "gravity": -11.509496416990526,
        "mass_02": 30.11668214131423,
        "mass_03": 38.455800418353874,
        "mass_04": 20.58091586962306,
        "thickness_02_x": 0.1688236984613235,
        "thickness_03_x": 0.13951096772490826,
        "thickness_04_x": 0.0884596492421601,
        "thickness_02_y": 0.8093917041238953,
        "thickness_03_y": 0.2721414666985424,
        "thickness_04_y": 0.5681520428182076,
        "disabled": false
    },
    "14": {
        "params_id": 14,
        "gravity": -6.340901024968167,
        "mass_02": 32.62099987670278,
        "mass_03": 23.144917775081574,
        "mass_04": 33.68375845049275,
        "thickness_02_x": 0.19400290280352317,
        "thickness_03_x": 0.10299384901383324,
        "thickness_04_x": 0.14373249069426244,
        "thickness_02_y": 0.7388045438293045,
        "thickness_03_y": 0.4357836742325066,
        "thickness_04_y": 0.4363288408195055,
        "disabled": false
    },
    "15": {
        "params_id": 15,
        "gravity": -4.462443130056495,
        "mass_02": 12.599740209488843,
        "mass_03": 19.423039404929256,
        "mass_04": 13.822591695378375,
        "thickness_02_x": 0.15173807480617219,
        "thickness_03_x": 0.1845887349128173,
        "thickness_04_x": 0.16739556974569353,
        "thickness_02_y": 0.9902849105461663,
        "thickness_03_y": 0.3346743287631923,
        "thickness_04_y": 0.8451353459257738,
        "disabled": false
    },
    "16": {
        "params_id": 16,
        "gravity": -14.281807080426603,