{
    "0": {
        "params_id": 0,
        "gravity": -9.81,
        "mass_02": null,
        "mass_03": null,
        "mass_04": null,
        "mass_05": null,
        "mass_06": null,
        "mass_07": null,
        "mass_08": null,
        "thickness_02_y": null,
        "thickness_03_y": null,
        "thickness_04_y": null,
        "thickness_05_y": null,
        "thickness_06_y": null,
        "thickness_07_y": null,
        "thickness_08_y": null,
        "thickness_09_y": null,
        "disabled": false
    },
    "1": {
        "params_id": 1,
        "gravity": -17.866444118383363,
        "mass_02": 0.8914117019519208,
        "mass_03": 0.15918960674284155,
        "mass_04": 0.23927910686854065,
        "mass_05": 0.8466391082111075,
        "mass_06": 0.8823261570017684,
        "mass_07": 1.26767149982543,
        "mass_08": 2.8564550484719575,
        "thickness_02_y": 0.6384759235564278,
        "thickness_03_y": 0.434520704536964,
        "thickness_04_y": 0.44400902277051896,
        "thickness_05_y": 0.18643441076494632,
        "thickness_06_y": 0.23202742372117624,
        "thickness_07_y": 0.19987107381809002,
        "thickness_08_y": 0.21732475279719216,
        "thickness_09_y": 0.06772688044408355,
        "disabled": false
    },
    "2": {
        "params_id": 2,
        "gravity": -8.215407546395558,
        "mass_02": 0.9443052964333736,
        "mass_03": 0.7177728431336722,
        "mass_04": 0.8787905797498227,
        "mass_05": 1.2359619840675764,
        "mass_06": 0.409033263138767,
        "mass_07": 2.6912210100841056,
        "mass_08": 2.9633587836110413,
        "thickness_02_y": 0.34801820158672525,
        "thickness_03_y": 0.1687383378956574,
        "thickness_04_y": 0.19577888541169555,
        "thickness_05_y": 0.15371253997588863,
        "thickness_06_y": 0.09356378590194608,
        "thickness_07_y": 0.3470189909412415,
        "thickness_08_y": 0.09754356898319054,
        "thickness_09_y": 0.03207914187691155,
        "disabled": false
    },
    "3": {
        "params_id": 3,
        "gravity": -12.235065785867494,
        "mass_02": 0.6377220721987702,
        "mass_03": 1.0204908603786498,
        "mass_04": 2.5439877537982998,
        "mass_05": 2.956985839756065,
        "mass_06": 0.3029469545133945,
        "mass_07": 1.1463346755318848,
        "mass_08": 1.3014853382336395,
        "thickness_02_y": 0.7125897796146988,
        "thickness_03_y": 0.343656038824285,
        "thickness_04_y": 0.09945035548097604,
        "thickness_05_y": 0.33878664024558613,
        "thickness_06_y": 0.01868967354936677,
        "thickness_07_y": 0.1673513899231105,
        "thickness_08_y": 0.14264659216177877,
        "thickness_09_y": 0.0665730866199914,
        "disabled": false
    },
    "4": {
        "params_id": 4,
        "gravity": -17.211809894786406,
        "mass_02": 1.1255206430490814,
        "mass_03": 2.052964616964853,
        "mass_04": 2.482308457819031,
        "mass_05": 1.62036390632865,
        "mass_06": 1.8372197846536715,
        "mass_07": 1.1773385317349965,
        "mass_08": 1.6395819717489397,
        "thickness_02_y": 0.586911158195487,
        "thickness_03_y": 0.11237827179561438,
        "thickness_04_y": 0.10197355770209549,
        "thickness_05_y": 0.38884064303494825,
        "thickness_06_y": 0.12939829687718715,
        "thickness_07_y": 0.209272584180628,
        "thickness_08_y": 0.07562634683898209,
        "thickness_09_y": 0.010975867368536155,
        "disabled": false
    },
    "5": {
        "params_id": 5,
        "gravity": -8.33489365273758,
        "mass_02": 0.8285851737090062,
        "mass_03": 2.1617112985497955,
        "mass_04": 2.9077936283932966,
        "mass_05": 2.64125532341929,
        "mass_06": 1.8301036198842858,
        "mass_07": 2.2618798786285905,
        "mass_08": 2.5725987133187607,
        "thickness_02_y": 0.21958161172145702,
        "thickness_03_y": 0.37951292056176195,
        "thickness_04_y": 0.09663493165132807,
        "thickness_05_y": 0.408474447987701,
        "thickness_06_y": 0.2630230191845354,
        "thickness_07_y": 0.19420619108080192,
        "thickness_08_y": 0.077882765183335,
        "thickness_09_y": 0.1166261655221588,
        "disabled": false
    },
    "6": {
        "params_id": 6,
        "gravity": -11.404732988965705,
        "mass_02": 1.053307456911021,
        "mass_03": 2.8093547390261118,
        "mass_04": 1.7745879019163617,
        "mass_05": 0.47242603581052967,
        "mass_06": 1.9537276720844259,
        "mass_07": 2.4612003924329238,
        "mass_08": 1.0847888346839831,
        "thickness_02_y": 0.23804230967687418,
        "thickness_03_y": 0.20997681640091775,
        "thickness_04_y": 0.26855863401347996,
        "thickness_05_y": 0.4402520802747612,
        "thickness_06_y": 0.2265548703241007,
        "thickness_07_y": 0.16332338849199465,
        "thickness_08_y": 0.19983635605305483,
        "thickness_09_y": 0.05716205962353645,
        "disabled": false
    },
    "7": {
        "params_id": 7,
        "gravity": -13.615460969215698,
        "mass_02": 0.9990149339081145,
        "mass_03": 1.9465693514699396,
        "mass_04": 2.4202749489315303,
        "mass_05": 2.7165062184241586,
        "mass_06": 1.0349225448685808,
        "mass_07": 0.9731603376966977,
        "mass_08": 1.6404570036656216,
        "thickness_02_y": 0.1805445529404891,
        "thickness_03_y": 0.43570982315727197,
        "thickness_04_y": 0.33730001442815283,
        "thickness_05_y": 0.16051536748256642,
        "thickness_06_y": 0.2946690965938187,
        "thickness_07_y": 0.0935493311634247,
        "thickness_08_y": 0.051181167879225636,
        "thickness_09_y": 0.09548674330850211,
        "disabled": false
    },
    "8": {
        "params_id": 8,
        "gravity": -7.806115221597032,
        "mass_02": 0.9542110319056073,
        "mass_03": 2.8231898543020666,
        "mass_04": 2.151789405853639,
        "mass_05": 1.9117509247776867,
        "mass_06": 1.1617008653184793,
        "mass_07": 1.8637338603181475,
        "mass_08": 2.0508275987367535,
        "thickness_02_y": 0.4570209436982797,
        "thickness_03_y": 0.12019936514375038,
        "thickness_04_y": 0.14602193836343944,
        "thickness_05_y": 0.4064217563326736,
        "thickness_06_y": 0.18904118683120863,
        "thickness_07_y": 0.23729743251509536,
        "thickness_08_y": 0.208324593456592,
        "thickness_09_y": 0.050788689778183335,
        "disabled": false
    },
    "9": {
        "params_id": 9,
        "gravity": -7.609348529945671,
        "mass_02": 0.667675404249936,
        "mass_03": 0.8358225388572889,
        "mass_04": 2.3590556617998035,
        "mass_05": 0.3456054507083107,
        "mass_06": 2.1237617561166546,
        "mass_07": 1.6008716653181192,
        "mass_08": 0.48293264549364556,
        "thickness_02_y": 0.3085326480069127,
        "thickness_03_y": 0.27913703888826963,
        "thickness_04_y": 0.34968574222693005,
        "thickness_05_y": 0.25524264625060844,
        "thickness_06_y": 0.15914386559591642,
        "thickness_07_y": 0.0720408925404174,
        "thickness_08_y": 0.21308058003599079,
        "thickness_09_y": 0.09568471823092466,
        "disabled": false
    },
    "10": {
        "params_id": 10,
        "gravity": -11.566610972406595,
        "mass_02": 1.1003581433722252,
        "mass_03": 1.7141147671955843,
        "mass_04": 0.7861791336841999,
        "mass_05": 2.7174908373275994,
        "mass_06": 2.1383615968862464,
        "mass_07": 0.17836997284247327,
        "mass_08": 2.247401801660331,
        "thickness_02_y": 0.151928634386515,
        "thickness_03_y": 0.2932760160933774,
        "thickness_04_y": 0.2565744227079531,
        "thickness_05_y": 0.3132689582048685,
        "thickness_06_y": 0.27550289529467564,
        "thickness_07_y": 0.07931731191596868,
        "thickness_08_y": 0.19103315082225059,