{
    "0": {
        "params_id": 0,
        "gravity": -9.81,
        "mass_02": null,
        "mass_03": null,
        "mass_04": null,
        "mass_05": null,
        "mass_06": null,
        "mass_07": null,
        "mass_08": null,
        "mass_09": null,
        "mass_10": null,
        "mass_11": null,
        "mass_12": null,
        "mass_13": null,
        "mass_14": null,
        "thickness_head": null,
        "thickness_03_y": null,
        "thickness_04_y": null,
        "thickness_05_y": null,
        "thickness_06_y": null,
        "thickness_07_y": null,
        "thickness_08_y": null,
        "thickness_09_y": null,
        "thickness_10_y": null,
        "thickness_11_y": null,
        "thickness_12_y": null,
        "thickness_13_y": null,
        "thickness_14_y": null,
        "disabled": false
    },
    "1": {
        "params_id": 1,
        "disable_leg1": true,
        "disabled": false
    },
    "2": {
        "params_id": 2,
        "disable_leg2": true,
        "disabled": false
    },
    "3": {
        "params_id": 3,
        "disable_leg1": true,
        "disable_leg2": true,
        "disabled": false
    },
    "4": {
        "params_id": 4,
        "gravity": -15.458175049942637,
        "mass_02": 0.3172857973317046,
        "mass_03": 0.015402364501981607,
        "mass_04": 0.03380245177929636,
        "mass_05": 0.08178309356801698,
        "mass_06": 0.05226345301288573,
        "mass_07": 0.052332581342394074,
        "mass_08": 0.13421574580630757,
        "mass_09": 0.017385279093172223,
        "mass_10": 0.0298819417708716,
        "mass_11": 0.009627603221836768,
        "mass_12": 0.05515728378670019,
        "mass_13": 0.009884035644258321,
        "mass_14": 0.013286322385193214,
        "thickness_head": 0.1544550209163588,
        "thickness_03_y": 0.2406976303927576,
        "thickness_04_y": 0.1361996045628554,
        "thickness_05_y": 0.5589456819013048,
        "thickness_06_y": 0.14490719788533113,
        "thickness_07_y": 0.22378388656791562,
        "thickness_08_y": 0.5047439269277972,
        "thickness_09_y": 0.2598405669154934,
        "thickness_10_y": 0.16084890723322823,
        "thickness_11_y": 0.5459444478671756,
        "thickness_12_y": 0.0833102757430421,
        "thickness_13_y": 0.20084542476809764,
        "thickness_14_y": 0.5527730282187214,
        "disabled": false
    },
    "5": {
        "params_id": 5,
        "gravity": -11.66620676586443,
        "mass_02": 0.6681193374611029,
        "mass_03": 0.05247478168738317,
        "mass_04": 0.018969508594267954,
        "mass_05": 0.0856524153205611,
        "mass_06": 0.03483465537482147,
        "mass_07": 0.01059398284344507,
        "mass_08": 0.1255297276009924,
        "mass_09": 0.022313181259840078,
        "mass_10": 0.02757287123879624,
        "mass_11": 0.03341850107122404,
        "mass_12": 0.03953138197830559,
        "mass_13": 0.05351462029244005,
        "mass_14": 0.13379848160738328,
        "thickness_head": 0.18984133922532018,
        "thickness_03_y": 0.16316122507170475,
        "thickness_04_y": 0.031208547444472517,
        "thickness_05_y": 0.09012546899430006,
        "thickness_06_y": 0.2341502057721859,
        "thickness_07_y": 0.10208390165314592,
        "thickness_08_y": 0.18902147316917056,
        "thickness_09_y": 0.1298332281332352,
        "thickness_10_y": 0.15528688121691195,
        "thickness_11_y": 0.3969068063534578,
        "thickness_12_y": 0.2070032099397706,
        "thickness_13_y": 0.21884008186664175,
        "thickness_14_y": 0.19814638980294513,
        "disabled": false
    },
    "6": {
        "params_id": 6,
        "gravity": -9.909335476518214,
        "mass_02": 0.6018751316039105,
        "mass_03": 0.05453297946267897,
        "mass_04": 0.031572187622475344,
        "mass_05": 0.1045066436607633,
        "mass_06": 0.05203379445312632,
        "mass_07": 0.04980079737765463,
        "mass_08": 0.07150451712929425,
        "mass_09": 0.038273288392331975,
        "mass_10": 0.06177628976301704,
        "mass_11": 0.06299756281298644,
        "mass_12": 0.04367616414849497,
        "mass_13": 0.035709697967003115,
        "mass_14": 0.007591018955027435,
        "thickness_head": 0.13757168595971153,
        "thickness_03_y": 0.24497052236372674,
        "thickness_04_y": 0.23388623949204887,
        "thickness_05_y": 0.3801430450697062,
        "thickness_06_y": 0.06389011572948039,
        "thickness_07_y": 0.14227935055345212,
        "thickness_08_y": 0.3105986753745552,
        "thickness_09_y": 0.14007643464502922,
        "thickness_10_y": 0.2002343653108128,
        "thickness_11_y": 0.06440904033217824,
        "thickness_12_y": 0.13387604777491224,
        "thickness_13_y": 0.08060969286846285,
        "thickness_14_y": 0.36439753504257044,
        "disabled": false
    },
    "7": {
        "params_id": 7,
        "gravity": -11.257910073487977,
        "mass_02": 0.17083947482072329,
        "mass_03": 0.043969933508319126,
        "mass_04": 0.035948147677274764,
        "mass_05": 0.0909871429986516,
        "mass_06": 0.027272314011662666,
        "mass_07": 0.05552844330160145,
        "mass_08": 0.021859163896283805,
        "mass_09": 0.003537049174307627,
        "mass_10": 0.027695386252366845,
        "mass_11": 0.03713137514467668,
        "mass_12": 0.013564580487272358,
        "mass_13": 0.05152548312583404,
        "mass_14": 0.1359295869396079,
        "thickness_head": 0.1377971383455053,
        "thickness_03_y": 0.15021437479157052,
        "thickness_04_y": 0.20681414575103263,
        "thickness_05_y": 0.14736178773380754,
        "thickness_06_y": 0.12851564215159955,
        "thickness_07_y": 0.2531355848865936,
        "thickness_08_y": 0.2934025634308167,
        "thickness_09_y": 0.1503441565995493,
        "thickness_10_y": 0.1629545300927138,
        "thickness_11_y": 0.19472604554536233,
        "thickness_12_y": 0.11718997531832058,
        "thickness_13_y": 0.10612116644080867,
        "thickness_14_y": 0.46013271337207146,
        "disabled": false
    },
    "8": {
        "params_id": 8,
        "gravity": -16.314121694562324,
        "mass_02": 0.2536609676107997,
        "mass_03": 0.04020426296896483,
        "mass_04": 0.04104260792393894,
        "mass_05": 0.12774727945737768,
        "mass_06": 0.032431662771778905,
        "mass_07": 0.05435271681895217,
        "mass_08": 0.10330345037618884,
        "mass_09": 0.03103007323449687,
        "mass_10": 0.004110082171838643,
        "mass_11": 0.0967853277082982,
        "mass_12": 0.029321064713367692,
        "mass_13": 0.040870913081773874,
        "mass_14": 0.11793061529679051,
        "thickness_head": 0.4764472412447936,
        "thickness_03_y": 0.2038166079694678,
        "thickness_04_y": 0.2598675856272145,
        "thickness_05_y": 0.3796405554567477,
        "thickness_06_y": 0.03656520123679277,
        "thickness_07_y": 0.1682351019456573,
        "thickness_08_y": 0.1683699917026185,
        "thickness_09_y": 0.030671358840323147,
        "thickness_10_y": 0.22997173572501123,
        "thickness_11_y": 0.3026968476755719,
        "thickness_12_y": 0.05556404035177718,
        "thickness_13_y": 0.1439320959794869,
        "thickness_14_y": 0.2667397980635821,
        "disabled": false
    },
    "9": {
        "params_id": 9,
        "gravity": -16.513953304782614,
        "mass_02": 0.2416567202032681,
        "mass_03": 0.02166327657459015,
        "mass_04": 0.03415622257577718,
        "mass_05": 0.05881750020811706,
        "mass_06": 0.05115337656514605,
        "mass_07": 0.016275779508742892,
        "mass_08": 0.1393761774283437,
        "mass_09": 0.05421924835795546,
        "mass_10": 0.0571316557097402,
        "mass_11": 0.08769716809204302,
        "mass_12": 0.011566886804053777,
        "mass_13": 0.055677959147028694,
        "mass_14": 0.08999288541720564,
        "thickness_head": 0.17221684705117976,