{
    "0": {
        "params_id": 0,
        "gravity": -9.81,
        "mass_02": null,
        "mass_03": null,
        "mass_04": null,
        "mass_05": null,
        "mass_06": null,
        "mass_07": null,
        "mass_08": null,
        "thickness_02_y": null,
        "thickness_03_y": null,
        "thickness_04_y": null,
        "thickness_05_y": null,
        "thickness_06_y": null,
        "thickness_07_y": null,
        "thickness_08_y": null,
        "disabled": false
    },
    "1": {
        "params_id": 1,
        "gravity": -8.195304621073099,
        "mass_02": 0.9395419623221796,
        "mass_03": 0.6299359685746426,
        "mass_04": 1.9792410263285072,
        "mass_05": 5.4973568602083915,
        "mass_06": 1.143353550145155,
        "mass_07": 0.42054120417768764,
        "mass_08": 5.034322471046823,
        "thickness_02_y": 0.033952833884663955,
        "thickness_03_y": 0.3842528514114772,
        "thickness_04_y": 0.1362025385030563,
        "thickness_05_y": 0.04461000719308672,
        "thickness_06_y": 0.0864360521148645,
        "thickness_07_y": 0.054129565071172434,
        "thickness_08_y": 0.011527070509645703,
        "disabled": false
    },
    "2": {
        "params_id": 2,
        "gravity": -15.3506746578306,
        "mass_02": 0.8305593879130455,
        "mass_03": 1.8980342748753953,
        "mass_04": 2.139298224099176,
        "mass_05": 0.4789341521250282,
        "mass_06": 2.3378266365629745,
        "mass_07": 1.3967261895808367,
        "mass_08": 1.974205363559134,
        "thickness_02_y": 0.19015327742744859,
        "thickness_03_y": 0.20927648114813846,
        "thickness_04_y": 0.37151136554807235,
        "thickness_05_y": 0.02347495049145136,
        "thickness_06_y": 0.322054050983859,
        "thickness_07_y": 0.06341268721401083,
        "thickness_08_y": 0.05788134292821541,
        "disabled": false
    },
    "3": {
        "params_id": 3,
        "gravity": -15.440276112966524,
        "mass_02": 4.05129725377361,
        "mass_03": 0.8399224091943148,
        "mass_04": 3.955763838369034,
        "mass_05": 2.5513509601973063,
        "mass_06": 4.88971686426875,
        "mass_07": 0.9385627613026991,
        "mass_08": 2.977803285713335,
        "thickness_02_y": 0.06728129441805958,
        "thickness_03_y": 0.3601320255524988,
        "thickness_04_y": 0.025494505228804344,
        "thickness_05_y": 0.01952895776726258,
        "thickness_06_y": 0.05068102029389362,
        "thickness_07_y": 0.21379531188831752,
        "thickness_08_y": 0.1492485257604793,
        "disabled": false
    },
    "4": {
        "params_id": 4,
        "gravity": -8.479230834122388,
        "mass_02": 0.40886951971996444,
        "mass_03": 3.0488584311032954,
        "mass_04": 3.729081225417101,
        "mass_05": 0.685914535279898,
        "mass_06": 0.99536347175442,
        "mass_07": 1.0739741498289948,
        "mass_08": 3.0277589416966255,
        "thickness_02_y": 0.029496419986087485,
        "thickness_03_y": 0.0867456873513373,
        "thickness_04_y": 0.28481157485134123,
        "thickness_05_y": 0.030605925827358008,
        "thickness_06_y": 0.18121847112585474,
        "thickness_07_y": 0.03108658867883729,
        "thickness_08_y": 0.03852982057655018,
        "disabled": false
    },
    "5": {
        "params_id": 5,
        "gravity": -8.154049850800352,
        "mass_02": 6.406925670755084,
        "mass_03": 2.3681510604317255,
        "mass_04": 3.3890270084372274,
        "mass_05": 0.8299967442878028,
        "mass_06": 6.744419824601451,
        "mass_07": 0.3679531157267764,
        "mass_08": 1.323057201151924,
        "thickness_02_y": 0.08211522999582842,
        "thickness_03_y": 0.44513704416130495,
        "thickness_04_y": 0.026418310777137192,
        "thickness_05_y": 0.05477608973253615,
        "thickness_06_y": 0.06012794692456053,
        "thickness_07_y": 0.11696933336427998,
        "thickness_08_y": 0.08923398547219957,
        "disabled": false
    },
    "6": {
        "params_id": 6,
        "gravity": -9.630358585631186,
        "mass_02": 0.4470463085203263,
        "mass_03": 1.5407920342381745,
        "mass_04": 0.55002762928247,
        "mass_05": 1.5735563525118852,
        "mass_06": 6.414705622313271,
        "mass_07": 0.5185167187036135,
        "mass_08": 0.9252945856539025,
        "thickness_02_y": 0.1618634573131687,
        "thickness_03_y": 0.041256613899557225,
        "thickness_04_y": 0.0725887108599401,
        "thickness_05_y": 0.1011133100840339,
        "thickness_06_y": 0.4396831971623715,
        "thickness_07_y": 0.4586604558267827,
        "thickness_08_y": 0.043323635080820475,
        "disabled": false
    },
    "7": {
        "params_id": 7,
        "gravity": -10.117632976262632,
        "mass_02": 1.2545709525969801,
        "mass_03": 7.244204582888826,
        "mass_04": 1.1812471205615318,
        "mass_05": 1.9035981888108289,
        "mass_06": 1.7006421948671406,
        "mass_07": 1.2463509051164308,
        "mass_08": 2.904835940405913,
        "thickness_02_y": 0.15215659701330075,
        "thickness_03_y": 0.1447730791255275,
        "thickness_04_y": 0.12315953974067403,
        "thickness_05_y": 0.035171219038799724,
        "thickness_06_y": 0.414512588623838,
        "thickness_07_y": 0.036778232767815694,
        "thickness_08_y": 0.026247784438256684,
        "disabled": false
    },
    "8": {
        "params_id": 8,
        "gravity": -9.735430436722064,
        "mass_02": 0.6234261242117078,
        "mass_03": 2.2100250776602746,
        "mass_04": 3.4759466680183695,
        "mass_05": 0.4629374329320254,
        "mass_06": 0.501086200612359,
        "mass_07": 0.29493205327196154,
        "mass_08": 4.124952133046759,
        "thickness_02_y": 0.03713112293202531,
        "thickness_03_y": 0.039390447405820705,
        "thickness_04_y": 0.10182771276744153,
        "thickness_05_y": 0.08307960570332516,
        "thickness_06_y": 0.06493765625278233,
        "thickness_07_y": 0.10326613021402503,
        "thickness_08_y": 0.010613156530131935,
        "disabled": false
    },
    "9": {
        "params_id": 9,
        "gravity": -10.950225055788135,
        "mass_02": 0.6268734750288387,
        "mass_03": 1.0469719960051784,
        "mass_04": 0.7228084644212511,
        "mass_05": 1.8747752963976207,
        "mass_06": 0.405598822594755,
        "mass_07": 0.38563937615219296,
        "mass_08": 0.6513029241947869,
        "thickness_02_y": 0.06934919846073874,
        "thickness_03_y": 0.02251004293037019,
        "thickness_04_y": 0.19816295001395717,
        "thickness_05_y": 0.019164248283840626,
        "thickness_06_y": 0.07497889790092445,
        "thickness_07_y": 0.2325962749041995,
        "thickness_08_y": 0.18172569427376628,
        "disabled": false
    },
    "10": {
        "params_id": 10,
        "gravity": -13.445543713768608,
        "mass_02": 2.8213524575624946,
        "mass_03": 0.5062610685386211,
        "mass_04": 1.075754168930269,
        "mass_05": 0.36310866726377755,
        "mass_06": 0.9053280186896169,
        "mass_07": 1.2830414962221794,
        "mass_08": 0.30740116443934395,
        "thickness_02_y": 0.2038697989083666,
        "thickness_03_y": 0.13518866120525744,
        "thickness_04_y": 0.33150822312241623,
        "thickness_05_y": 0.16176736152738794,
        "thickness_06_y": 0.2131587089153857,
        "thickness_07_y": 0.2873857072403873,
        "thickness_08_y": 0.02606565063911413,
        "disabled": false
    },
    "11": {
        "params_id": 11,
        "gravity": -11.332343604961885,
        "mass_02": 2.55075731061975,
        "mass_03": 1.8367899237594805,
        "mass_04": 0.2992378232792251,
        "mass_05": 2.8614430474201984,
        "mass_06": 3.1113992181193777,
        "mass_07": 0.3880543012836298,
        "mass_08": 0.8769206334192091,
        "thickness_02_y": 0.08717813161856994,