{
    "0": {
        "params_id": 0,
        "gravity": -9.81,
        "mass_02": null,
        "mass_03": null,
        "mass_04": null,
        "mass_05": null,
        "thickness_02_y": null,
        "thickness_03_y": null,
        "thickness_04_y": null,
        "thickness_05_y": null,
        "disabled": false
    },
    "1": {
        "params_id": 1,
        "gravity": -9.34023704771786,
        "mass_02": 6.994962546373586,
        "mass_03": 5.2535025329789855,
        "mass_04": 0.39939917149033644,
        "mass_05": 7.149630486828867,
        "thickness_02_y": 0.2433013079819811,
        "thickness_03_y": 0.035553572988694125,
        "thickness_04_y": 0.08998729155547067,
        "thickness_05_y": 0.05565045712004777,
        "disabled": false
    },
    "2": {
        "params_id": 2,
        "gravity": -9.874605624149606,
        "mass_02": 3.879483965039908,
        "mass_03": 1.3021972052767539,
        "mass_04": 0.8657916930588972,
        "mass_05": 5.209621810219144,
        "thickness_02_y": 0.18326663496415233,
        "thickness_03_y": 0.02425282423790426,
        "thickness_04_y": 0.05109021969234667,
        "thickness_05_y": 0.12058301543295162,
        "disabled": false
    },
    "3": {
        "params_id": 3,
        "gravity": -8.279359184795597,
        "mass_02": 2.2654254971930308,
        "mass_03": 0.46925982710504405,
        "mass_04": 1.8656727528519568,
        "mass_05": 1.8004435923824746,
        "thickness_02_y": 0.23040701283746806,
        "thickness_03_y": 0.27575262820566676,
        "thickness_04_y": 0.05804544835337241,
        "thickness_05_y": 0.029039837383708696,
        "disabled": false
    },
    "4": {
        "params_id": 4,
        "gravity": -10.198034921753171,
        "mass_02": 3.8538483245860173,
        "mass_03": 4.530815437936587,
        "mass_04": 1.1136361398021195,
        "mass_05": 1.0008133721405268,
        "thickness_02_y": 0.07372100874214112,
        "thickness_03_y": 0.024669531729964736,
        "thickness_04_y": 0.024592050594658438,
        "thickness_05_y": 0.04721839078618591,
        "disabled": false
    },
    "5": {
        "params_id": 5,
        "gravity": -7.5152428487207175,
        "mass_02": 0.5296493674889121,
        "mass_03": 4.682382496946473,
        "mass_04": 0.5833764424121614,
        "mass_05": 1.1687467353307803,
        "thickness_02_y": 0.071131067033225,
        "thickness_03_y": 0.3847010852560171,
        "thickness_04_y": 0.10457327882988475,
        "thickness_05_y": 0.07384241611833649,
        "disabled": false
    },
    "6": {
        "params_id": 6,
        "gravity": -11.499768456890322,
        "mass_02": 6.773526734261306,
        "mass_03": 6.557222133821276,
        "mass_04": 0.7409371306363649,
        "mass_05": 5.446287405256755,
        "thickness_02_y": 0.03186336544014882,
        "thickness_03_y": 0.028330045845111684,
        "thickness_04_y": 0.14090727792238095,
        "thickness_05_y": 0.07361209185077154,
        "disabled": false
    },
    "7": {
        "params_id": 7,
        "gravity": -7.601106994049246,
        "mass_02": 0.558776828599304,
        "mass_03": 0.4434185597956332,
        "mass_04": 0.4027686573021128,
        "mass_05": 2.3571170958470415,
        "thickness_02_y": 0.3213199550012695,
        "thickness_03_y": 0.10869607251991681,
        "thickness_04_y": 0.18524403234818676,
        "thickness_05_y": 0.14705495205625144,
        "disabled": false
    },
    "8": {
        "params_id": 8,
        "gravity": -9.226331744746021,
        "mass_02": 6.478956309860634,
        "mass_03": 0.9354188706857444,
        "mass_04": 0.9205303771457811,
        "mass_05": 1.9353775348732158,
        "thickness_02_y": 0.2157486077085502,
        "thickness_03_y": 0.13204579574614705,
        "thickness_04_y": 0.16282846299030368,
        "thickness_05_y": 0.1861673516606883,
        "disabled": false
    },
    "9": {
        "params_id": 9,
        "gravity": -11.265546654950665,
        "mass_02": 5.017360412979732,
        "mass_03": 0.4889920199703528,
        "mass_04": 2.372613656600631,
        "mass_05": 5.123024429768878,
        "thickness_02_y": 0.17830361281002557,
        "thickness_03_y": 0.38398584988429096,
        "thickness_04_y": 0.03533826139990226,
        "thickness_05_y": 0.07667711284145279,
        "disabled": false
    },
    "10": {
        "params_id": 10,
        "gravity": -11.724167030830188,
        "mass_02": 0.4437948780883196,
        "mass_03": 5.268575562300253,
        "mass_04": 3.8119091615201715,
        "mass_05": 1.4058835547419768,
        "thickness_02_y": 0.03798094961170797,
        "thickness_03_y": 0.03902512328753521,
        "thickness_04_y": 0.11315750808683772,
        "thickness_05_y": 0.18576064014468574,
        "disabled": false
    },
    "11": {
        "params_id": 11,
        "gravity": -8.62767489121442,
        "mass_02": 0.8612650840118415,
        "mass_03": 0.9182935052721742,
        "mass_04": 1.755667373698323,
        "mass_05": 2.479845074241971,
        "thickness_02_y": 0.03213598327702175,
        "thickness_03_y": 0.1125128307030283,
        "thickness_04_y": 0.18720600851870503,
        "thickness_05_y": 0.08331361994021533,
        "disabled": false
    },
    "12": {
        "params_id": 12,
        "gravity": -10.470626040625005,
        "mass_02": 0.4856956820193593,
        "mass_03": 3.557079033437581,
        "mass_04": 0.720159814937362,
        "mass_05": 5.215196292921937,
        "thickness_02_y": 0.3280556693269382,
        "thickness_03_y": 0.04769888174650659,
        "thickness_04_y": 0.03131946092640826,
        "thickness_05_y": 0.3730809268188725,
        "disabled": false
    },
    "13": {
        "params_id": 13,
        "gravity": -10.728075339532184,
        "mass_02": 0.4652104524626348,
        "mass_03": 0.43210899057267455,
        "mass_04": 0.6782744447306424,
        "mass_05": 6.416447017694478,
        "thickness_02_y": 0.10501209763551236,
        "thickness_03_y": 0.048408447735041576,
        "thickness_04_y": 0.034341841615912215,
        "thickness_05_y": 0.06359656005993268,
        "disabled": false
    },
    "14": {
        "params_id": 14,
        "gravity": -10.003163594368976,
        "mass_02": 1.0001736833591788,
        "mass_03": 2.998571717480181,
        "mass_04": 1.8344453841295283,
        "mass_05": 6.251313999653479,
        "thickness_02_y": 0.21880554354052362,
        "thickness_03_y": 0.02912033419218303,
        "thickness_04_y": 0.07203962222959365,
        "thickness_05_y": 0.15556838231810563,
        "disabled": false
    },
    "15": {
        "params_id": 15,
        "gravity": -8.125228996453945,
        "mass_02": 1.7883382677399353,
        "mass_03": 1.14705998556406,
        "mass_04": 1.848506248521962,
        "mass_05": 8.399236819948124,
        "thickness_02_y": 0.08447908212703745,
        "thickness_03_y": 0.029457194405095956,
        "thickness_04_y": 0.1613214056798426,
        "thickness_05_y": 0.034786841470874325,
        "disabled": false
    },
    "16": {
        "params_id": 16,
        "gravity": -7.350820626019988,
        "mass_02": 0.808541712336667,
        "mass_03": 0.8239967108470738,
        "mass_04": 1.3816687677337067,
        "mass_05": 2.7903163323734383,
        "thickness_02_y": 0.07688752740084845,
        "thickness_03_y": 0.04834553392888801,
        "thickness_04_y": 0.24362700066219303,
        "thickness_05_y": 0.08790585513814086,
        "disabled": false
    },
    "17": {
        "params_id": 17,
        "gravity": -7.461441232776782,
        "mass_02": 1.5875177410470263,
        "mass_03": 0.7221595917208149,
        "mass_04": 0.5353921961218528,
        "mass_05": 1.578750327689934,
        "thickness_02_y": 0.12615764098871154,
        "thickness_03_y": 0.05688412899240053,
        "thickness_04_y": 0.13590606040701575,
        "thickness_05_y": 0.0356631536544634,
        "disabled": false
    },